Employee_Name,EmpID,MarriedID,MaritalStatusID,GenderID,EmpStatusID,DeptID,PerfScoreID,FromDiversityJobFairID,PayRate,Termd,PositionID,Position,State,Zip,DOB,Sex,MaritalDesc,CitizenDesc,HispanicLatino,RaceDesc,DateofHire,DateofTermination,TermReason,EmploymentStatus,Department,ManagerName,ManagerID,RecruitmentSource,PerformanceScore,EngagementSurvey,EmpSatisfaction,SpecialProjectsCount,LastPerformanceReview_Date,DaysLateLast30
Adinolfi,1409070522,0,0,1,1,5,4,0,20,0,19,Production Technician I,MA,1960,7/10/1983,M ,Single,US Citizen,No,White,7/05/2011,,N/A - still employed,Active,Production       ,Michael Albert,22,MBTA ads,Exceeds,2.51,5,0,1/17/2019,0
Adinolfi,1307060199,1,1,1,5,3,3,0,62,1,27,Sr. DBA,MA,2148,5/05/1975,M ,Married,US Citizen,No,White,3/30/2015,06/16/16,career change,Voluntarily Terminated,IT/IS,Simon Roup,4,Company Intranet - Partner,Fully Meets,4.96,3,6,,
Adinolfi,1005019209,1,1,0,5,5,3,0,29,1,20,Production Technician II,MA,1810,09/19/88,F,Married,US Citizen,No,White,7/05/2011,09/24/12,hours,Voluntarily Terminated,Production       ,Kissy Sullivan,20,Newspager/Magazine,Fully Meets,3.02,3,0,,
Adinolfi,1011022883,1,1,0,1,5,3,0,21,0,19,Production Technician I,MA,1886,09/27/88,F,Married,US Citizen,No,White,1/07/2008,,N/A - still employed,Active,Production       ,Elijiah Gray,16,Billboard,Fully Meets,4.84,5,0,1/03/2019,0
Adinolfi,1501072311,0,2,1,1,5,3,0,54.5,0,17,Production Manager,MA,2169,10/10/1968,M ,Divorced,US Citizen,No,White,8/01/2011,,N/A - still employed,Active,Production       ,Janet King,2,Employee Referral,Fully Meets,3.93,3,0,2/27/2019,0
Anderson,1001417624,0,2,0,5,5,3,0,16,1,19,Production Technician I,MA,2169,9/08/1989,F,Divorced,US Citizen,No,White,7/11/2011,9/06/2011,return to school,Voluntarily Terminated,Production       ,Webster Butler,39,Word of Mouth,Fully Meets,5,4,0,,
Anderson,1304055947,0,0,0,1,5,4,0,23,0,19,Production Technician I,MA,1844,05/22/77,F,Single,US Citizen,No,White,1/09/2012,,N/A - still employed,Active,Production       ,Amy Dunn,11,MBTA ads,Exceeds,5,5,0,1/07/2019,0
Andreola,1107027358,0,0,0,1,4,3,0,47.6,0,24,Software Engineer,MA,2110,05/24/79,F,Single,US Citizen,No,White,11/10/2014,,N/A - still employed,Active,Software Engineering,Alex Sweetwater,10,Vendor Referral,Fully Meets,3.04,3,4,1/02/2019,0
Athwal,1301052124,0,4,1,1,5,3,0,22,0,19,Production Technician I,MA,2199,02/18/83,M ,Widowed,US Citizen,No,White,9/30/2013,,N/A - still employed,Active,Production       ,Ketsia Liebig,19,Employee Referral,Fully Meets,5,4,0,2/25/2019,0
Athwal,1212051409,0,0,0,3,5,3,1,22,0,19,Production Technician I,MA,1902,2/11/1970,F,Single,US Citizen,No,Two or more races,7/06/2009,,N/A - still employed,Leave of Absence,Production       ,Brannon Miller,12,Diversity Job Fair,Fully Meets,4.46,3,0,1/25/2019,0
Athwal,1212052023,0,2,1,1,3,3,0,45,0,14,IT Support,MA,1886,1/07/1988,M ,Divorced,US Citizen,No,White,1/05/2015,,N/A - still employed,Active,IT/IS,Peter Monroe,7,Glassdoor,Fully Meets,1.84,5,6,2/18/2019,0
Athwal,1307060083,1,1,0,5,5,3,1,17,1,19,Production Technician I,MA,1902,1/12/1974,F,Married,US Citizen,Yes,Hispanic,1/10/2011,1/12/2011,Another position,Voluntarily Terminated,Production       ,David Stanley,14,Diversity Job Fair,Fully Meets,1.79,4,0,,
Athwal,1312063507,1,1,1,5,5,3,1,22,1,19,Production Technician I,MA,2062,02/21/74,M ,Married,US Citizen,Yes,Asian,4/02/2012,09/19/12,unhappy,Voluntarily Terminated,Production       ,Kissy Sullivan,20,Diversity Job Fair,Fully Meets,1.98,3,0,,
Athwal,1101023679,0,0,1,1,5,3,0,16.76,0,19,Production Technician I,MA,1810,07/20/83,M ,Single,US Citizen,No,Two or more races,2/20/2012,,N/A - still employed,Active,Production       ,Kelley Spirea,18,Social Networks - Facebook Twitter etc,Fully Meets,1.41,4,0,2/14/2019,0
Athwal,1212051962,0,2,1,5,5,3,0,18,1,19,Production Technician I,MA,2747,07/15/77,M ,Divorced,US Citizen,No,White,9/24/2012,4/06/2013,Another position,Voluntarily Terminated,Production       ,Michael Albert,22,On-line Web application,Fully Meets,5,5,0,,
Beak,1303054329,1,1,0,2,5,4,0,27,0,20,Production Technician II,MA,2145,04/17/66,F,Married,US Citizen,No,White,7/21/2016,,N/A - Has not started yet,Future Start,Production       ,Kelley Spirea,18,Employee Referral,Exceeds,2.7,3,0,1/14/2019,0
Beak,1403066194,0,0,0,1,5,3,0,22,0,19,Production Technician I,MA,1915,10/27/70,F,Single,Eligible NonCitizen,No,White,4/04/2011,,N/A - still employed,Active,Production       ,Elijiah Gray,16,Search Engine - Google Bing Yahoo,Fully Meets,5,5,0,1/14/2019,0
Beak,1102024056,0,0,0,4,3,3,0,43,1,8,Database Administrator,MA,2026,4/04/1986,F,Single,US Citizen,Yes,White,7/07/2014,9/12/2015,performance,Terminated for Cause,IT/IS,Simon Roup,4,Search Engine - Google Bing Yahoo,Fully Meets,1.87,4,5,,
Beak,1110029777,0,0,1,3,5,3,0,17,0,19,Production Technician I,MA,2452,4/06/1979,M ,Single,US Citizen,No,Asian,7/08/2013,,N/A - still employed,Leave of Absence,Production       ,Webster Butler,,MBTA ads,Fully Meets,1.09,4,0,1/11/2019,0
Beak,1109029366,0,0,1,1,5,3,0,16,0,19,Production Technician I,MA,2072,12/22/70,M ,Single,US Citizen,Yes,White,4/02/2012,,N/A - still employed,Active,Production       ,Amy Dunn,11,Word of Mouth,Fully Meets,5,3,0,1/14/2019,0
Beak,1412071844,0,2,0,1,5,3,0,22,0,19,Production Technician I,MA,2027,12/27/58,F,Divorced,US Citizen,No,Asian,8/19/2013,,N/A - still employed,Active,Production       ,Ketsia Liebig,19,Billboard,Fully Meets,2.39,3,0,1/10/2019,0
Beak,1308060366,1,1,0,1,5,4,0,16,0,19,Production Technician I,MA,2031,9/01/1989,F,Married,US Citizen,No,White,7/07/2014,,N/A - still employed,Active,Production       ,Brannon Miller,12,Professional Society,Exceeds,5,3,0,2/27/2019,0
Beak,1403066125,0,0,0,1,5,2,0,27,0,20,Production Technician II,MA,2171,09/21/90,F,Single,US Citizen,No,White,4/04/2011,,N/A - still employed,Active,Production       ,Michael Albert,22,Monster.com,Needs Improvement,1.16,3,0,2/27/2019,0
Bondwell,1008021030,0,0,0,5,5,3,0,26,1,20,Production Technician II,MA,2210,01/16/67,F,Single,US Citizen,No,White,1/10/2011,4/04/2014,career change,Voluntarily Terminated,Production       ,Elijiah Gray,16,Search Engine - Google Bing Yahoo,Fully Meets,1.38,5,0,,
Bondwell,1307060188,1,1,0,1,1,3,1,34.95,0,26,Sr. Accountant,MA,2468,4/04/1987,F,Married,US Citizen,No,Asian,2/16/2015,,N/A - still employed,Active,Admin Offices,Brandon R. LeBlanc,3,Diversity Job Fair,Fully Meets,5,4,3,2/18/2019,0
Bozzi,1303054580,0,0,1,5,5,3,0,50.5,1,18,Production Manager,MA,1901,3/10/1970,M ,Single,US Citizen,No,Asian,9/30/2013,8/07/2014,retiring,Voluntarily Terminated,Production       ,Janet King,2,Billboard,Fully Meets,3.39,3,0,,
Bramante,1006020066,0,0,0,1,5,4,0,60,0,10,Director of Operations,MA,2030,03/19/83,F,Single,US Citizen,No,Black or African American,1/05/2009,,N/A - still employed,Active,Production       ,Janet King,2,Other,Exceeds,3.02,5,0,2/04/2019,0
Brill,1406068293,1,1,0,5,5,3,0,20,1,19,Production Technician I,MA,1701,08/24/90,F,Married,US Citizen,No,White,4/02/2012,06/15/13,Another position,Voluntarily Terminated,Production       ,David Stanley,14,Search Engine - Google Bing Yahoo,Fully Meets,3.35,4,0,,
Brown,1103024456,1,1,0,1,1,3,1,28.5,0,1,Accountant I,MA,1450,11/24/87,F,Married,US Citizen,No,Black or African American,10/27/2008,,N/A - still employed,Active,Admin Offices,Brandon R. LeBlanc,1,Diversity Job Fair,Fully Meets,2.04,2,6,1/15/2019,0
Brown,1101023457,0,0,1,1,5,3,0,22,0,20,Production Technician II,MA,1013,07/28/83,M ,Single,US Citizen,No,White,9/29/2014,,N/A - still employed,Active,Production       ,Webster Butler,,Word of Mouth,Fully Meets,3.19,3,0,2/01/2019,0
Brown,1504073313,1,1,1,1,6,3,0,55,0,3,Area Sales Manager,MA,2330,7/07/1975,M ,Married,US Citizen,No,White,9/29/2014,,N/A - still employed,Active,Sales,Lynn Daneault,21,Employee Referral,Fully Meets,3.31,5,0,1/28/2019,0
Brown,1408069635,0,3,0,3,5,3,1,20,0,19,Production Technician I,MA,2043,10/30/69,F,Separated,US Citizen,No,Black or African American,11/11/2013,,N/A - still employed,Leave of Absence,Production       ,Kissy Sullivan,20,Diversity Job Fair,Fully Meets,2.83,5,0,1/21/2019,0
Brown,1504073368,1,1,0,5,6,3,0,55,1,3,Area Sales Manager,VA,21851,6/01/1964,F,Married,Eligible NonCitizen,No,Black or African American,8/15/2011,8/02/2014,Another position,Voluntarily Terminated,Sales,John Smith,17,Social Networks - Facebook Twitter etc,Fully Meets,3.14,5,0,,
Brown,1011022820,0,0,0,1,5,3,0,25,0,20,Production Technician II,MA,2148,3/02/1980,F,Single,US Citizen,No,Black or African American,3/05/2012,,N/A - still employed,Active,Production       ,Amy Dunn,11,Employee Referral,Fully Meets,4.51,4,0,2/21/2019,0
Burkett,1301052449,1,1,1,1,5,3,0,26,0,20,Production Technician II,MA,1890,08/19/77,M ,Married,US Citizen,No,White,4/04/2011,,N/A - still employed,Active,Production       ,Ketsia Liebig,19,Careerbuilder,Fully Meets,3.25,5,0,1/14/2019,0
Butler,1110029990,0,0,1,1,5,4,0,55,0,18,Production Manager,MA,2169,8/09/1983,M ,Single,US Citizen,No,White,1/28/2016,,N/A - still employed,Active,Production       ,Janet King,2,Pay Per Click - Google,Exceeds,5,3,0,2/22/2019,0
Carabbio,1101023577,0,0,0,1,4,3,0,56,0,24,Software Engineer,MA,2132,4/05/1987,F,Single,US Citizen,No,White,11/11/2013,,N/A - still employed,Active,Software Engineering,Alex Sweetwater,10,Pay Per Click - Google,Fully Meets,4.96,4,6,1/30/2019,0
Carey,1311063114,0,0,1,1,5,3,0,20,0,19,Production Technician I,MA,1701,2/02/1983,M ,Single,US Citizen,No,Black or African American,3/31/2014,,N/A - still employed,Active,Production       ,Kelley Spirea,18,MBTA ads,Fully Meets,4.43,3,0,2/01/2019,0
Carr,1010022337,0,0,0,2,3,3,0,61.3,0,27,Sr. DBA,MA,1886,6/06/1986,F,Single,US Citizen,No,Black or African American,6/30/2016,,N/A - Has not started yet,Future Start,IT/IS,Simon Roup,4,Vendor Referral,Fully Meets,5,5,6,2/18/2019,0
Carter,1403065721,0,0,0,1,6,3,0,55,0,3,Area Sales Manager,VT,5664,05/15/63,F,Single,US Citizen,No,White,8/18/2014,,N/A - still employed,Active,Sales,John Smith,17,Billboard,Fully Meets,5,5,0,1/21/2019,0
Chace,1208048062,0,0,0,1,5,3,0,16,0,19,Production Technician I,MA,2763,1/02/1951,F,Single,US Citizen,No,White,9/29/2014,,N/A - still employed,Active,Production       ,Michael Albert,22,Search Engine - Google Bing Yahoo,Fully Meets,5,4,0,2/12/2019,0
Champaigne,1009919920,1,1,1,1,3,3,0,63.5,0,5,BI Director,MA,2045,2/09/1972,M ,Married,US Citizen,No,White,9/06/2016,,N/A - still employed,Active,IT/IS,Jennifer Zamora,5,Professional Society,Fully Meets,4.5,5,7,1/15/2019,0
Chan,1305057282,0,0,0,1,5,3,0,19.5,0,19,Production Technician I,MA,2170,2/12/1979,F,Single,US Citizen,No,White,5/12/2014,,N/A - still employed,Active,Production       ,Elijiah Gray,16,Internet Search,Fully Meets,2.73,4,0,2/19/2019,0
Chang,1111030129,0,0,1,1,5,3,0,22,0,19,Production Technician I,MA,1845,08/24/83,M ,Single,US Citizen,No,White,7/08/2013,,N/A - still employed,Active,Production       ,Webster Butler,,Newspager/Magazine,Fully Meets,3.8,5,0,1/14/2019,0
Chivukula,1101023394,0,0,0,5,5,3,0,21,1,19,Production Technician I,MA,1775,08/27/83,F,Single,US Citizen,No,White,6/27/2011,11/15/15,relocation out of area,Voluntarily Terminated,Production       ,Amy Dunn,11,Other,Fully Meets,2,4,0,,
Cierpiszewski,1012023295,0,0,0,1,5,3,0,22,0,19,Production Technician I,MA,2044,05/31/88,F,Single,Non-Citizen,No,Black or African American,10/03/2011,,N/A - still employed,Active,Production       ,Ketsia Liebig,19,Pay Per Click - Google,Fully Meets,3.58,5,0,1/30/2019,0
Cisco,1102024173,1,1,1,1,3,3,0,42,0,14,IT Support,MA,2135,11/24/89,M ,Married,US Citizen,Yes,White,3/30/2015,,N/A - still employed,Active,IT/IS,Peter Monroe,7,Information Session,Fully Meets,2.21,5,7,1/10/2019,0
Clayton,1301052902,0,0,1,1,3,3,0,28.99,0,14,IT Support,MA,2170,9/05/1985,M ,Single,US Citizen,No,White,9/05/2012,,N/A - still employed,Active,IT/IS,Eric Dougall,6,Glassdoor,Fully Meets,2.55,3,6,2/27/2019,0
Cloninger,1012023226,1,1,0,5,5,3,0,25,1,20,Production Technician II,MA,1752,08/31/81,F,Married,US Citizen,No,White,5/16/2011,1/07/2013,unhappy,Voluntarily Terminated,Production       ,Brannon Miller,12,Word of Mouth,Fully Meets,1.16,5,0,,
Close,1209048697,1,1,1,5,5,3,0,26,1,20,Production Technician II,MA,2169,11/25/78,M ,Married,US Citizen,No,White,8/30/2010,09/26/11,career change,Voluntarily Terminated,Production       ,David Stanley,14,Other,Fully Meets,1.3,4,0,,
Clukey,1407069280,1,1,1,2,5,4,0,24.75,0,19,Production Technician I,MA,2134,08/26/80,M ,Married,US Citizen,No,White,7/06/2016,,N/A - Has not started yet,Future Start,Production       ,Brannon Miller,12,Employee Referral,Exceeds,1.97,4,0,2/28/2019,0
Cockel,1599991009,0,0,1,1,5,3,0,15,0,19,Production Technician I,MA,2452,9/08/1977,M ,Single,US Citizen,No,White,7/08/2013,,N/A - still employed,Active,Production       ,David Stanley,14,Employee Referral,Fully Meets,1.51,5,0,1/14/2019,0
Cole,1001450968,0,0,1,4,5,2,0,15,1,19,Production Technician I,MA,1880,8/12/1979,M ,Single,US Citizen,No,Black or African American,7/11/2011,09/23/12,performance,Terminated for Cause,Production       ,Kissy Sullivan,20,MBTA ads,Needs Improvement,1.42,3,0,,
Cornett,1403066069,1,1,0,1,5,3,0,15.75,0,19,Production Technician I,MA,2189,03/31/77,F,Married,US Citizen,Yes,White,1/05/2015,,N/A - still employed,Active,Production       ,Kelley Spirea,18,Billboard,Fully Meets,4.73,5,0,2/14/2019,0
Costa,1409070567,0,0,0,1,6,4,0,55,0,3,Area Sales Manager,CA,90007,11/08/1988,F,Single,US Citizen,No,White,1/10/2011,,N/A - still employed,Active,Sales,Lynn Daneault,21,Other,Exceeds,4.77,5,0,1/27/2019,0
Crimmings,1311063172,0,0,0,2,5,3,0,19.75,0,19,Production Technician I,MA,1821,4/10/1987,F,Single,US Citizen,No,White,7/06/2016,,N/A - Has not started yet,Future Start,Production       ,Michael Albert,22,Newspager/Magazine,Fully Meets,4.12,5,0,1/28/2019,0
Daneault,1402065303,0,0,0,1,6,3,0,54,0,21,Sales Manager,VT,5473,04/19/90,F,Single,US Citizen,No,White,5/05/2014,,N/A - still employed,Active,Sales,Debra Houlihan,15,Pay Per Click - Google,Fully Meets,4.62,4,0,1/24/2019,0
Daniele,1411071312,1,1,0,3,3,3,0,54.1,0,28,Sr. Network Engineer,CT,6033,01/18/52,F,Married,US Citizen,No,White,11/10/2014,,N/A - still employed,Leave of Absence,IT/IS,Peter Monroe,7,Vendor Referral,Fully Meets,1.55,5,8,2/12/2019,0
Darson,1001109612,1,1,0,1,5,3,0,15,0,19,Production Technician I,MA,2110,11/05/1978,F,Married,US Citizen,No,White,7/02/2012,,N/A - still employed,Active,Production       ,Elijiah Gray,16,Billboard,Fully Meets,5,3,0,2/25/2019,0
Davis,1201031274,0,0,1,1,5,3,0,25,0,20,Production Technician II,MA,2458,09/14/79,M ,Single,Eligible NonCitizen,No,Two or more races,11/07/2011,,N/A - still employed,Active,Production       ,Kissy Sullivan,20,Newspager/Magazine,Fully Meets,3.96,4,0,2/27/2019,0
DeGweck,1306058816,1,1,1,5,5,3,0,23.5,1,19,Production Technician I,MA,1810,10/31/77,M ,Married,US Citizen,No,White,5/16/2011,6/08/2015,unhappy,Voluntarily Terminated,Production       ,Webster Butler,39,Billboard,Fully Meets,5,4,0,,
Del Bosque,1203032498,0,0,0,1,4,3,0,57.12,0,24,Software Engineer,MA,2176,7/05/1979,F,Single,US Citizen,No,Black or African American,1/09/2012,,N/A - still employed,Active,Software Engineering,Alex Sweetwater,10,Monster.com,Fully Meets,3.79,5,5,1/25/2019,0
Demita,1104025179,0,3,0,5,5,3,0,29,1,20,Production Technician II,MA,2343,02/25/51,F,Separated,US Citizen,No,Black or African American,4/04/2011,11/04/2015,more money,Voluntarily Terminated,Production       ,Kelley Spirea,18,Search Engine - Google Bing Yahoo,Fully Meets,4.62,5,0,,
Desimone,1501072124,1,1,1,1,5,1,0,20,0,19,Production Technician I,MA,2061,04/19/67,M ,Married,US Citizen,No,White,7/07/2014,,N/A - still employed,Active,Production       ,Amy Dunn,11,Professional Society,PIP,1.12,2,0,1/31/2019,0
Dickinson,706006285,0,0,1,1,5,3,0,21,0,19,Production Technician I,MA,2180,11/15/82,M ,Single,US Citizen,No,White,5/12/2014,,N/A - still employed,Active,Production       ,Ketsia Liebig,19,Pay Per Click - Google,Fully Meets,1.13,4,0,2/19/2019,0
Dietrich,1408069481,0,0,0,1,6,1,0,55,0,3,Area Sales Manager,WA,98052,05/14/87,F,Single,US Citizen,Yes,White,2/20/2012,,N/A - still employed,Active,Sales,John Smith,17,Website Banner Ads,PIP,2.3,1,0,1/29/2019,0
Digitale,1306059197,1,1,1,1,6,3,0,56,0,3,Area Sales Manager,NH,3062,09/14/88,M ,Married,US Citizen,No,American Indian or Alaska Native,8/18/2014,,N/A - still employed,Active,Sales,John Smith,17,Pay Per Click - Google,Fully Meets,3.6,5,0,1/30/2019,0
DiNocco,1209048696,1,1,0,1,5,2,0,22,0,19,Production Technician I,MA,2351,12/02/1978,F,Married,US Citizen,No,Black or African American,1/07/2013,,N/A - still employed,Active,Production       ,Brannon Miller,12,Pay Per Click - Google,Needs Improvement,3.88,4,0,1/18/2019,0
Dobrin,1202031618,0,0,0,1,5,3,0,16.75,0,19,Production Technician I,MA,2125,10/07/1986,F,Single,US Citizen,Yes,White,4/02/2012,,N/A - still employed,Active,Production       ,David Stanley,14,Monster.com,Fully Meets,2.79,5,0,2/19/2019,0
Dolan,1101023540,1,1,0,1,3,3,0,37,0,14,IT Support,MA,2119,07/18/88,F,Married,US Citizen,No,White,1/05/2015,,N/A - still employed,Active,IT/IS,Peter Monroe,7,Employee Referral,Fully Meets,4.11,4,6,2/25/2019,0
Dougall,1101023754,0,0,1,1,3,4,0,64,0,13,IT Manager - Support,MA,1886,7/09/1970,M ,Single,US Citizen,No,White,1/05/2014,,N/A - still employed,Active,IT/IS,Jennifer Zamora,5,Professional Society,Exceeds,1.99,5,5,1/04/2019,0
Dunn,1409070147,0,0,0,1,5,3,0,51,0,18,Production Manager,MA,1731,11/28/73,F,Single,US Citizen,No,White,9/18/2014,,N/A - still employed,Active,Production       ,Janet King,2,Search Engine - Google Bing Yahoo,Fully Meets,4.52,4,0,1/15/2019,0
Eaton,1406067865,1,1,0,5,5,3,0,17,1,19,Production Technician I,MA,2343,9/05/1991,F,Married,US Citizen,No,White,4/04/2011,6/06/2013,military,Voluntarily Terminated,Production       ,Kissy Sullivan,20,Search Engine - Google Bing Yahoo,Fully Meets,5,3,0,,
Employee_Name,1007020403,0,0,1,1,5,3,0,21.25,0,19,Production Technician I,MA,2026,05/31/74,M ,Single,US Citizen,No,White,11/10/2014,,N/A - still employed,Active,Production       ,Kelley Spirea,18,MBTA ads,Fully Meets,1.86,5,0,2/13/2019,0
Engdahl,1101023612,1,1,1,1,5,3,0,21,0,19,Production Technician I,MA,2045,08/25/78,M ,Married,US Citizen,No,White,3/31/2014,,N/A - still employed,Active,Production       ,Kelley Spirea,18,Employee Referral,Fully Meets,2.05,3,0,1/11/2019,0
England,1105025661,0,3,0,1,5,1,0,24,0,20,Production Technician II,MA,2133,08/25/89,F,Separated,US Citizen,No,White,7/07/2014,,N/A - still employed,Active,Production       ,Michael Albert,22,Pay Per Click - Google,PIP,4.59,1,0,2/25/2019,0
Erilus,1104025243,0,0,1,4,5,2,0,17,1,19,Production Technician I,MA,2129,9/02/1983,M ,Single,US Citizen,No,White,4/02/2012,09/27/14,attendance,Terminated for Cause,Production       ,Michael Albert,22,Word of Mouth,Needs Improvement,5,4,0,,
Estremera,1107027392,0,0,0,4,5,2,0,18,1,19,Production Technician I,MA,2458,5/06/1989,F,Single,US Citizen,No,White,2/17/2014,02/25/14,"no-call, no-show",Terminated for Cause,Production       ,Elijiah Gray,16,Word of Mouth,Needs Improvement,1.04,3,0,,
Evensen,1401064670,1,1,0,4,4,2,0,48.5,1,24,Software Engineer,MA,1749,05/15/87,F,Married,US Citizen,No,Black or African American,5/02/2011,6/05/2013,attendance,Terminated for Cause,Software Engineering,Alex Sweetwater,10,Billboard,Needs Improvement,2.55,5,4,,
Exantus,1108028428,1,1,0,1,5,3,0,27,0,20,Production Technician II,MA,1824,09/22/78,F,Married,US Citizen,No,Black or African American,7/07/2014,,N/A - still employed,Active,Production       ,Elijiah Gray,16,Professional Society,Fully Meets,1.49,5,0,2/22/2019,0
Faller,1402065085,0,0,0,1,5,3,0,24,0,20,Production Technician II,MA,2324,09/27/87,F,Single,US Citizen,No,Black or African American,2/17/2014,,N/A - still employed,Active,Production       ,Webster Butler,,Newspager/Magazine,Fully Meets,4,4,0,1/07/2019,0
Fancett,1412071562,0,0,1,4,3,3,0,58.2,1,30,Enterprise Architect,CT,6033,07/30/64,M ,Single,US Citizen,No,Black or African American,2/17/2014,02/19/16,hours,Terminated for Cause,IT/IS,Simon Roup,4,Vendor Referral,Fully Meets,2.94,5,7,,
Favis,1502072511,1,1,0,5,5,3,0,20,1,19,Production Technician I,MA,2176,04/14/55,F,Married,US Citizen,No,White,11/07/2011,05/17/14,military,Voluntarily Terminated,Production       ,Webster Butler,39,Search Engine - Google Bing Yahoo,Fully Meets,3.13,3,0,,
Ferguson,1302053339,1,1,1,1,5,1,0,18,0,19,Production Technician I,MA,2132,10/18/89,M ,Married,US Citizen,No,White,5/11/2015,,N/A - still employed,Active,Production       ,Amy Dunn,11,Professional Society,PIP,1.56,5,0,1/03/2019,0
Fernandes,803009012,0,0,0,1,5,3,0,23,0,19,Production Technician I,MA,2176,6/10/1986,F,Single,US Citizen,No,White,2/20/2012,,N/A - still employed,Active,Production       ,Ketsia Liebig,19,Newspager/Magazine,Fully Meets,1.85,4,0,1/07/2019,0
Ferreira,1006020020,1,1,0,1,5,3,0,24,0,19,Production Technician I,MA,2155,03/16/81,F,Married,US Citizen,No,White,1/09/2012,,N/A - still employed,Active,Production       ,Brannon Miller,12,Social Networks - Facebook Twitter etc,Fully Meets,5,5,0,1/29/2019,0
Fidelia,1109029103,0,0,1,5,5,3,0,29,1,20,Production Technician II,MA,2143,10/01/1981,M ,Single,US Citizen,Yes,White,5/16/2011,06/24/13,hours,Voluntarily Terminated,Production       ,Amy Dunn,11,Social Networks - Facebook Twitter etc,Fully Meets,4.76,5,0,,
Fitzpatrick,1012023204,1,1,0,5,5,3,0,24,1,20,Production Technician II,MA,2170,11/08/1983,F,Married,US Citizen,No,White,4/04/2011,1/09/2012,career change,Voluntarily Terminated,Production       ,Ketsia Liebig,19,Word of Mouth,Fully Meets,3.66,3,0,,
Foreman,1192991000,0,0,1,1,3,4,0,65,0,12,IT Director,MA,1460,7/05/1980,M ,Single,US Citizen,No,Black or African American,4/15/2011,,N/A - still employed,Active,IT/IS,Jennifer Zamora,5,Professional Society,Exceeds,3.76,5,5,1/07/2019,0
Foss,1201031308,1,1,0,1,1,3,0,34.95,0,26,Sr. Accountant,MA,2050,04/16/79,F,Married,US Citizen,no,White,1/05/2009,,N/A - still employed,Active,Admin Offices,Board of Directors,9,Other,Fully Meets,5,3,2,2/08/2019,0
Foster-Baker,1411071302,0,0,1,1,6,3,0,55,0,3,Area Sales Manager,CT,6050,08/28/63,M ,Single,US Citizen,No,Black or African American,9/06/2011,,N/A - still employed,Active,Sales,Lynn Daneault,21,Monster.com,Fully Meets,1.64,3,0,1/27/2019,0
Fraval,1204032843,0,0,1,1,6,3,1,55.5,0,3,Area Sales Manager,NY,10171,02/24/69,M ,Single,US Citizen,Yes,Two or more races,3/07/2011,,N/A - still employed,Active,Sales,John Smith,17,Diversity Job Fair,Fully Meets,3.65,5,0,1/17/2019,0
Friedman,1501072093,0,0,0,1,3,3,0,31.4,0,14,IT Support,CT,6040,7/06/1968,F,Single,US Citizen,No,White,5/01/2010,,N/A - still employed,Active,IT/IS,Eric Dougall,6,Vendor Referral,Fully Meets,1.21,4,5,2/01/2019,0
Galia,1309061015,0,0,1,1,5,3,0,19,0,19,Production Technician I,MA,1905,09/15/85,M ,Single,US Citizen,Yes,White,3/30/2015,,N/A - still employed,Active,Production       ,David Stanley,14,Employee Referral,Fully Meets,4.5,3,0,2/18/2019,0
Garcia,1104025414,0,0,1,1,5,3,0,18,0,19,Production Technician I,MA,1550,04/18/80,M ,Single,US Citizen,No,Asian,7/08/2013,,N/A - still employed,Active,Production       ,Kissy Sullivan,20,Professional Society,Fully Meets,2.61,4,0,1/22/2019,0
Garneau,1105026041,0,0,0,1,5,3,0,24,0,19,Production Technician I,MA,2121,12/02/1983,F,Single,US Citizen,Yes,Black or African American,5/16/2011,,N/A - still employed,Active,Production       ,Kelley Spirea,18,MBTA ads,Fully Meets,1.66,4,0,2/26/2019,0
Gaul,1501072192,1,1,0,1,5,3,0,19,0,19,Production Technician I,MA,2145,10/01/1990,F,Married,US Citizen,No,Black or African American,3/30/2015,,N/A - still employed,Active,Production       ,Michael Albert,22,Professional Society,Fully Meets,3.73,3,0,1/16/2019,0
Gentry,1308060622,0,2,0,5,5,3,1,22,1,19,Production Technician I,MA,2330,05/15/70,F,Divorced,US Citizen,No,White,11/07/2011,11/15/11,hours,Voluntarily Terminated,Production       ,Elijiah Gray,16,Diversity Job Fair,Fully Meets,4.24,4,0,,
Gerke,1302053046,0,4,0,4,6,3,0,55,1,3,Area Sales Manager,OH,43050,7/10/1971,F,Widowed,US Citizen,No,Black or African American,7/07/2014,9/05/2015,attendance,Terminated for Cause,Sales,John Smith,17,Monster.com,Fully Meets,3.97,4,0,,
Gill,1008020960,1,1,1,5,5,2,1,15,1,19,Production Technician I,MA,2062,8/09/1974,M ,Married,US Citizen,No,Black or African American,4/02/2012,06/25/15,military,Voluntarily Terminated,Production       ,Webster Butler,39,Diversity Job Fair,Needs Improvement,3.97,4,0,,
Gill,1204032927,0,0,0,1,5,4,0,16,0,19,Production Technician I,MA,2451,5/08/1980,F,Single,US Citizen,Yes,Two or more races,9/29/2014,,N/A - still employed,Active,Production       ,Amy Dunn,11,Professional Society,Exceeds,3.39,4,0,2/07/2019,0
Gill,1203032099,0,0,0,1,6,3,0,55,0,3,Area Sales Manager,IN,46204,09/22/89,F,Single,US Citizen,No,White,2/16/2015,,N/A - still employed,Active,Sales,Lynn Daneault,21,Pay Per Click - Google,Fully Meets,1.72,5,0,1/25/2019,0
Gill,905013738,0,0,0,4,3,3,0,48.5,1,8,Database Administrator,MA,2127,10/23/71,F,Single,US Citizen,No,White,2/16/2015,03/15/15,"no-call, no-show",Terminated for Cause,IT/IS,Simon Roup,4,Glassdoor,Fully Meets,1.87,4,4,,
Gill,1408069539,0,0,0,1,5,3,0,17,0,19,Production Technician I,MA,2451,06/18/92,F,Single,US Citizen,Yes,White,11/11/2013,,N/A - still employed,Active,Production       ,Ketsia Liebig,19,Glassdoor,Fully Meets,1.94,5,0,2/18/2019,0
Gill,1411071481,1,1,1,1,6,3,0,55.5,0,3,Area Sales Manager,ID,83706,10/12/1954,M ,Married,US Citizen,No,White,5/12/2014,,N/A - still employed,Active,Sales,John Smith,17,Monster.com,Fully Meets,3.98,3,0,1/28/2019,0
Gonzales,1411071212,0,2,1,1,5,4,1,16,0,19,Production Technician I,MA,2108,09/29/69,M ,Divorced,US Citizen,No,American Indian or Alaska Native,7/11/2011,,N/A - still employed,Active,Production       ,Brannon Miller,12,Diversity Job Fair,Exceeds,1.83,4,0,2/18/2019,0
Gonzalez,1411071324,1,1,1,5,5,1,1,29,1,20,Production Technician II,MA,2128,10/12/1964,M ,Married,US Citizen,No,Black or African American,4/26/2010,05/30/11,career change,Voluntarily Terminated,Production       ,Brannon Miller,12,Diversity Job Fair,PIP,4.35,3,0,,
Gonzalez,1988299991,0,3,0,1,3,3,0,39,0,14,IT Support,MA,2472,04/16/81,F,Separated,US Citizen,Yes,White,1/05/2015,,N/A - still employed,Active,IT/IS,Peter Monroe,7,Employee Referral,Fully Meets,4.61,4,5,1/28/2019,0
Gonzalez,1001549006,1,1,0,3,5,3,0,24.25,0,20,Production Technician II,MA,1886,05/25/86,F,Married,US Citizen,No,White,5/12/2014,,N/A - still employed,Leave of Absence,Production       ,David Stanley,14,Professional Society,Fully Meets,2.04,3,0,2/07/2019,0
Good,1106026579,1,1,1,1,5,3,0,15,0,19,Production Technician I,MA,2169,05/21/79,M ,Married,US Citizen,No,White,7/02/2012,,N/A - still employed,Active,Production       ,David Stanley,14,MBTA ads,Fully Meets,5,3,0,1/14/2019,0
Good,1108028351,0,3,0,3,5,3,0,27,0,20,Production Technician II,MA,1824,12/08/1983,F,Separated,US Citizen,No,American Indian or Alaska Native,9/30/2013,,N/A - still employed,Leave of Absence,Production       ,Kissy Sullivan,20,Word of Mouth,Fully Meets,2.57,5,0,2/21/2019,0
Good,1312063675,1,1,0,3,5,3,0,24,0,19,Production Technician I,MA,1864,10/09/1974,F,Married,US Citizen,No,Asian,8/19/2013,,N/A - still employed,Leave of Absence,Production       ,Kissy Sullivan,20,On-campus Recruiting,Fully Meets,1.71,5,0,2/15/2019,0
Good,1307060077,0,2,1,1,5,3,0,54,0,18,Production Manager,MA,1752,7/11/1981,M ,Divorced,US Citizen,No,White,6/02/2015,,N/A - still employed,Active,Production       ,Janet King,2,Employee Referral,Fully Meets,4.63,3,0,1/04/2019,0
Good,1103024859,0,2,0,5,5,3,0,14,1,19,Production Technician I,MA,2176,05/21/83,F,Divorced,US Citizen,No,White,2/21/2011,1/11/2014,more money,Voluntarily Terminated,Production       ,Kelley Spirea,18,Monster.com,Fully Meets,5,5,0,,
Good,1001167253,0,0,1,5,6,3,0,55,1,3,Area Sales Manager,TN,37129,2/09/1969,M ,Single,US Citizen,No,Two or more races,3/07/2011,10/31/14,relocation out of area,Voluntarily Terminated,Sales,John Smith,17,Newspager/Magazine,Fully Meets,4.5,5,0,,
Good,1405067064,1,1,0,1,5,3,0,24,0,19,Production Technician I,MA,2127,03/23/77,F,Married,US Citizen,No,White,11/28/2011,,N/A - still employed,Active,Production       ,Michael Albert,22,Word of Mouth,Fully Meets,4.2,4,0,2/22/2019,0
Handschiegl,1307059937,0,0,1,1,5,3,0,24,0,20,Production Technician II,MA,2155,8/10/1988,M ,Single,US Citizen,Yes,White,11/11/2013,,N/A - still employed,Active,Production       ,Kelley Spirea,18,Newspager/Magazine,Fully Meets,5,3,0,1/08/2019,0
Hankard,1406068241,1,1,1,1,5,3,0,21,0,19,Production Technician I,MA,1776,9/02/1982,M ,Married,US Citizen,No,Asian,5/14/2012,,N/A - still employed,Active,Production       ,Elijiah Gray,16,Search Engine - Google Bing Yahoo,Fully Meets,1.83,3,0,2/22/2019,0
Hankard,1110029602,0,0,0,5,5,3,0,19.75,1,19,Production Technician I,MA,2324,08/18/52,F,Single,US Citizen,No,White,1/09/2012,12/15/15,retiring,Voluntarily Terminated,Production       ,Webster Butler,39,Monster.com,Fully Meets,4.64,4,0,,
Hankard,1404066622,1,1,0,1,5,4,0,20,0,19,Production Technician I,MA,1886,5/02/1974,F,Married,US Citizen,No,White,5/12/2014,,N/A - still employed,Active,Production       ,Amy Dunn,11,Monster.com,Exceeds,4.76,4,0,2/15/2019,0
Harrison,1002017900,0,0,1,1,5,3,0,19,0,19,Production Technician I,MA,2149,1/04/1984,M ,Single,US Citizen,No,White,8/13/2012,,N/A - still employed,Active,Production       ,Ketsia Liebig,19,Social Networks - Facebook Twitter etc,Fully Meets,4.17,4,0,2/11/2019,0
Heitzman,1011022932,0,0,0,5,5,3,0,24,1,20,Production Technician II,MA,2021,08/27/72,F,Single,US Citizen,No,White,1/10/2011,02/18/13,hours,Voluntarily Terminated,Production       ,Kelley Spirea,18,Monster.com,Fully Meets,5,3,0,,
Heitzman,1410071156,1,1,1,4,3,3,0,40.1,1,8,Database Administrator,MA,1960,8/07/1986,M ,Married,US Citizen,No,Black or African American,2/16/2015,02/22/15,"no-call, no-show",Terminated for Cause,IT/IS,Simon Roup,4,Employee Referral,Fully Meets,4.33,3,7,,
Heitzman,1001944783,1,1,1,4,5,3,0,48.5,1,18,Production Manager,MA,1890,7/01/1972,M ,Married,US Citizen,No,White,1/10/2011,12/12/2015,attendance,Terminated for Cause,Production       ,Janet King,2,Employee Referral,Fully Meets,4.78,4,0,,
Heitzman,1207046956,1,1,0,5,5,3,0,28,1,20,Production Technician II,MA,2445,02/16/84,F,Married,Non-Citizen,No,White,8/15/2011,4/07/2012,relocation out of area,Voluntarily Terminated,Production       ,Michael Albert,30,Glassdoor,Fully Meets,3.03,5,0,,
Heitzman,1105025718,0,0,0,1,3,3,0,34,0,8,Database Administrator,MA,2493,02/21/84,F,Single,US Citizen,No,White,3/30/2015,,N/A - still employed,Active,IT/IS,Simon Roup,4,Glassdoor,Fully Meets,4.48,5,6,1/03/2019,0
Horton,1009021646,1,1,0,1,6,3,0,60,0,11,Director of Sales,RI,2908,03/17/66,F,Married,US Citizen,No,White,5/05/2014,,N/A - still employed,Active,Sales,Janet King,2,MBTA ads,Fully Meets,1.22,4,0,1/21/2019,0
Houlihan,1211050782,1,1,0,1,1,3,0,21.5,1,2,Administrative Assistant,MA,2170,09/16/85,F,Married,US Citizen,No,White,2/16/2015,04/15/15,,Terminated for Cause,Admin Offices,Brandon R. LeBlanc,1,Pay Per Click - Google,Fully Meets,3.24,3,4,,
Howard,1009920000,1,1,1,1,3,3,0,45,0,4,BI Developer,MA,2134,06/30/89,M ,Married,US Citizen,No,Black or African American,4/20/2017,,N/A - still employed,Active,IT/IS,Brian Champaigne,13,Indeed,Fully Meets,2.06,5,5,1/28/2019,0
Hubert,1106026433,0,0,0,2,5,3,0,25,0,20,Production Technician II,MA,2021,3/11/1984,F,Single,US Citizen,No,White,6/06/2016,,N/A - Has not started yet,Future Start,Production       ,Elijiah Gray,16,Vendor Referral,Fully Meets,2.92,5,0,1/18/2019,0
Hunts,1103024924,0,3,0,2,5,3,0,28,0,20,Production Technician II,MA,2351,5/07/1992,F,Separated,US Citizen,No,White,6/05/2015,,N/A - Has not started yet,Future Start,Production       ,Webster Butler,,Other,Fully Meets,2.63,3,0,2/14/2019,0
Hutter,1306058509,0,2,0,5,5,3,0,23,1,20,Production Technician II,MA,1742,09/22/76,F,Divorced,US Citizen,No,White,2/21/2011,4/01/2013,unhappy,Voluntarily Terminated,Production       ,Amy Dunn,11,Search Engine - Google Bing Yahoo,Fully Meets,3.72,3,0,,
Huynh,1403065874,1,1,1,5,5,2,0,42,1,18,Production Manager,MA,2128,11/15/76,M ,Married,US Citizen,No,Asian,2/21/2011,09/24/12,unhappy,Voluntarily Terminated,Production       ,Janet King,2,Other,Needs Improvement,2.34,2,0,,
Immediato,1408069882,0,0,0,1,5,3,0,16,0,19,Production Technician I,MA,1775,01/28/91,F,Single,US Citizen,No,White,8/19/2013,,N/A - still employed,Active,Production       ,Brannon Miller,12,Professional Society,Fully Meets,3.99,3,0,1/14/2019,0
Ivey,1201031438,0,0,0,1,5,3,0,20,0,19,Production Technician I,MA,2081,9/11/1972,F,Single,US Citizen,No,White,11/05/2012,,N/A - still employed,Active,Production       ,David Stanley,14,Newspager/Magazine,Fully Meets,2.32,3,0,1/17/2019,0
Jackson,1503072857,0,2,0,1,5,3,0,21,0,19,Production Technician I,MA,1778,03/22/66,F,Divorced,US Citizen,No,White,9/30/2013,,N/A - still employed,Active,Production       ,Kissy Sullivan,20,Employee Referral,Fully Meets,2.05,5,0,2/22/2019,0
Jacobi,1008020942,0,2,0,1,5,4,0,22.5,0,20,Production Technician II,MA,1821,11/06/1986,F,Divorced,US Citizen,No,American Indian or Alaska Native,7/05/2011,,N/A - still employed,Active,Production       ,Ketsia Liebig,19,MBTA ads,Exceeds,4.6,4,0,2/25/2019,0
Jeannite,1001084890,1,1,1,1,6,1,0,56,0,3,Area Sales Manager,NV,89139,5/09/1974,M ,Married,US Citizen,No,White,5/12/2014,,N/A - still employed,Active,Sales,Lynn Daneault,21,Website Banner Ads,PIP,1.81,2,0,1/17/2019,0
Jeremy Prater,1412071713,0,3,0,1,5,3,0,19,0,19,Production Technician I,MA,2109,04/13/64,F,Separated,US Citizen,No,White,1/06/2014,,N/A - still employed,Active,Production       ,Kelley Spirea,18,On-campus Recruiting,Fully Meets,5,5,0,1/21/2019,0
Jhaveri,1105025721,1,1,1,5,5,4,0,17,1,19,Production Technician I,MA,2445,08/19/59,M ,Married,US Citizen,No,White,11/07/2011,04/29/16,more money,Voluntarily Terminated,Production       ,Michael Albert,22,Monster.com,Exceeds,1.65,4,0,,
Johnson,1003018246,1,1,0,3,3,3,0,40,0,8,Database Administrator,MA,2301,11/07/1986,F,Married,US Citizen,No,Asian,1/05/2015,,N/A - still employed,Leave of Absence,IT/IS,Simon Roup,4,Glassdoor,Fully Meets,3.75,3,5,2/11/2019,0
Johnson,1306057810,0,0,0,1,5,4,0,25,0,20,Production Technician II,MA,2128,9/08/1969,F,Single,US Citizen,No,White,7/07/2014,,N/A - still employed,Active,Production       ,Brannon Miller,12,Professional Society,Exceeds,1.51,3,0,1/11/2019,0
Johnston,1107027450,1,1,0,5,5,3,0,21,1,19,Production Technician I,MA,2446,04/17/86,F,Married,US Citizen,No,White,1/10/2011,4/01/2016,unhappy,Voluntarily Terminated,Production       ,Elijiah Gray,16,Monster.com,Fully Meets,4,4,0,,
Jung,1109029264,0,0,0,5,6,3,0,60.25,1,21,Sales Manager,PA,19444,11/11/1989,F,Single,US Citizen,No,White,11/07/2011,04/24/14,maternity leave - did not return,Voluntarily Terminated,Sales,Debra Houlihan,15,Social Networks - Facebook Twitter etc,Fully Meets,1.9,5,0,,
Kampew,1301052462,0,0,1,1,5,3,0,19,0,19,Production Technician I,MA,1887,01/19/76,M ,Single,US Citizen,No,White,9/30/2013,,N/A - still employed,Active,Production       ,Michael Albert,22,Billboard,Fully Meets,3.07,4,0,1/23/2019,0
Keatts,1104025008,0,0,1,1,6,3,0,55,0,3,Area Sales Manager,CO,80820,11/27/79,M ,Single,US Citizen,No,White,8/19/2013,,N/A - still employed,Active,Sales,Lynn Daneault,21,Pay Per Click - Google,Fully Meets,2.19,5,0,1/22/2019,0
Khemmich,1001495124,1,1,0,1,2,3,0,80,0,16,President & CEO,MA,1902,09/21/54,F,Married,US Citizen,Yes,White,7/02/2012,,N/A - still employed,Active,Executive Office,Board of Directors,9,Pay Per Click - Google,Fully Meets,4.83,3,0,1/17/2019,0
King,710007401,1,1,0,5,5,3,0,22,1,19,Production Technician I,MA,2170,12/08/1973,F,Married,US Citizen,No,White,9/26/2011,6/04/2015,more money,Voluntarily Terminated,Production       ,Webster Butler,39,Search Engine - Google Bing Yahoo,Fully Meets,3.6,5,0,,
Kinsella,903013071,1,1,0,5,5,3,0,24,1,19,Production Technician I,MA,2127,10/08/1970,F,Married,US Citizen,No,White,9/26/2011,1/09/2012,more money,Voluntarily Terminated,Production       ,Amy Dunn,11,Search Engine - Google Bing Yahoo,Fully Meets,3.49,4,0,,
Kirill,1304055683,0,0,1,1,5,3,0,14,0,19,Production Technician I,MA,1721,11/10/1977,M ,Single,US Citizen,No,Black or African American,2/17/2014,,N/A - still employed,Active,Production       ,Ketsia Liebig,19,On-campus Recruiting,Fully Meets,2.79,3,0,2/06/2019,0
Knapp,1311062610,1,1,1,1,5,3,0,21,0,19,Production Technician I,MA,1801,2/02/1980,M ,Married,US Citizen,No,Asian,1/10/2011,,N/A - still employed,Active,Production       ,Brannon Miller,12,Pay Per Click - Google,Fully Meets,3.38,3,0,1/21/2019,0
Kretschmer,1108028108,1,1,1,3,3,3,0,56.2,0,28,Sr. Network Engineer,MA,2169,04/23/86,M ,Married,US Citizen,No,White,11/10/2014,,N/A - still employed,Leave of Absence,IT/IS,Peter Monroe,7,Employee Referral,Fully Meets,4.46,5,6,1/07/2019,0
Lajiri,1010022030,0,2,0,5,5,3,0,22,1,20,Production Technician II,MA,2090,07/25/79,F,Divorced,US Citizen,No,Asian,1/07/2013,03/31/14,Another position,Voluntarily Terminated,Production       ,David Stanley,14,Glassdoor,Fully Meets,4.52,3,0,,
Langford,1304055987,1,1,1,1,5,3,0,17,0,19,Production Technician I,MA,2048,12/09/1986,M ,Married,US Citizen,No,White,7/09/2012,,N/A - still employed,Active,Production       ,David Stanley,14,Newspager/Magazine,Fully Meets,5,5,0,2/04/2019,0
Langton,1106026572,0,2,1,1,1,3,0,23,0,1,Accountant I,MA,1460,04/26/84,M ,Divorced,US Citizen,No,Black or African American,1/06/2014,,N/A - still employed,Active,Admin Offices,Brandon R. LeBlanc,1,Website Banner Ads,Fully Meets,5,4,4,1/17/2019,0
LaRotonda,1104025486,1,1,1,5,5,3,0,28,1,20,Production Technician II,MA,2126,5/09/1984,M ,Married,US Citizen,No,White,4/02/2012,04/15/13,more money,Voluntarily Terminated,Production       ,Kissy Sullivan,20,Word of Mouth,Fully Meets,1.84,3,0,,
Latif,1009919930,0,0,0,1,3,3,0,50.25,0,22,Senior BI Developer,MA,1886,06/14/87,F,Single,US Citizen,No,Asian,10/02/2016,,N/A - still employed,Active,IT/IS,Brian Champaigne,13,Indeed,Fully Meets,2.09,5,7,1/08/2019,0
Le,1408069409,0,0,0,5,5,3,0,19,1,19,Production Technician I,MA,1810,01/17/79,F,Single,US Citizen,No,Asian,9/26/2011,08/19/13,return to school,Voluntarily Terminated,Production       ,Kissy Sullivan,20,Monster.com,Fully Meets,4.88,3,0,,
Leach,1107027575,0,0,1,4,5,3,0,15,1,19,Production Technician I,MA,2050,10/18/81,M ,Single,US Citizen,No,White,2/21/2011,8/04/2011,attendance,Terminated for Cause,Production       ,Kelley Spirea,18,Social Networks - Facebook Twitter etc,Fully Meets,5,4,0,,
LeBel,1102024115,1,1,1,1,1,3,0,55,0,23,Shared Services Manager,MA,1460,6/10/1984,M ,Married,US Citizen,No,White,1/05/2016,,N/A - still employed,Active,Admin Offices,Janet King,2,Monster.com,Fully Meets,1.95,4,0,1/28/2019,0
LeBlanc,1412071660,0,3,1,1,6,3,0,55,0,3,Area Sales Manager,UT,84111,12/27/88,M ,Separated,US Citizen,No,Black or African American,4/30/2012,,N/A - still employed,Active,Sales,John Smith,17,Website Banner Ads,Fully Meets,4.53,3,0,1/29/2019,0
Leruth,1103024679,1,1,0,1,5,4,0,55,0,18,Production Manager,MA,2110,10/26/81,F,Married,US Citizen,No,White,9/30/2013,,N/A - still employed,Active,Production       ,Janet King,2,Website Banner Ads,Exceeds,3.66,3,0,1/21/2019,0
Liebig,1206042315,1,1,0,5,5,3,0,15.25,1,19,Production Technician I,MA,1886,03/26/81,F,Married,US Citizen,No,White,7/05/2011,09/26/11,unhappy,Voluntarily Terminated,Production       ,Michael Albert,22,Internet Search,Fully Meets,3.18,4,0,,
Linares,1405067565,1,1,1,3,5,3,0,22,0,20,Production Technician II,MA,1770,03/19/79,M ,Married,US Citizen,No,White,7/08/2013,,N/A - still employed,Leave of Absence,Production       ,Kelley Spirea,18,Information Session,Fully Meets,4,3,0,2/18/2019,0
Linden,602000312,0,0,0,1,3,4,1,26,0,14,IT Support,CT,6070,10/05/1988,F,Single,US Citizen,Yes,Two or more races,1/21/2011,,N/A - still employed,Active,IT/IS,Eric Dougall,6,Diversity Job Fair,Exceeds,4.64,4,5,1/25/2019,0
Lindsay,1305056276,0,4,0,5,5,3,0,24,1,20,Production Technician II,MA,2122,12/26/76,F,Widowed,US Citizen,No,White,7/08/2013,09/15/13,more money,Voluntarily Terminated,Production       ,Michael Albert,22,On-campus Recruiting,Fully Meets,4.65,4,0,,
Lundy,1001504432,0,0,0,1,5,4,0,26.1,0,20,Production Technician II,MA,2324,03/28/82,F,Single,US Citizen,No,Black or African American,8/19/2013,,N/A - still employed,Active,Production       ,Elijiah Gray,16,Glassdoor,Exceeds,1.64,4,0,2/12/2019,0
Lunquist,1101023353,1,1,0,3,5,3,0,20,0,19,Production Technician I,MA,2122,10/22/75,F,Married,US Citizen,No,Black or African American,2/16/2015,,N/A - still employed,Leave of Absence,Production       ,Elijiah Gray,16,Website Banner Ads,Fully Meets,5,3,0,1/23/2019,0
Lydon,1001138521,0,0,0,5,5,4,1,19,1,19,Production Technician I,MA,1844,02/14/73,F,Single,US Citizen,Yes,Two or more races,11/07/2011,11/14/15,Another position,Voluntarily Terminated,Production       ,Webster Butler,39,Diversity Job Fair,Exceeds,5,4,0,,
Lynch,1201031032,0,4,1,5,5,3,0,15,1,19,Production Technician I,MA,1938,11/09/1972,M ,Widowed,US Citizen,No,White,9/24/2012,09/26/12,hours,Voluntarily Terminated,Production       ,Amy Dunn,11,Pay Per Click,Fully Meets,3.08,4,0,,
MacLennan,1209049259,0,0,0,1,5,3,0,17,0,19,Production Technician I,MA,2189,7/07/1986,F,Single,US Citizen,No,White,1/06/2014,,N/A - still employed,Active,Production       ,Ketsia Liebig,19,Newspager/Magazine,Fully Meets,2.55,4,0,2/26/2019,0
Mahoney,1110029623,1,1,0,2,5,3,0,23,0,20,Production Technician II,MA,2324,08/25/76,F,Married,US Citizen,No,White,5/11/2016,,N/A - Has not started yet,Future Start,Production       ,Webster Butler,,Vendor Referral,Fully Meets,5,3,0,1/21/2019,0
Manchester,1304055986,1,1,0,5,5,3,0,23,1,20,Production Technician II,MA,2176,12/10/1986,F,Married,US Citizen,No,Two or more races,7/05/2011,08/19/11,Another position,Voluntarily Terminated,Production       ,Amy Dunn,11,Newspager/Magazine,Fully Meets,5,4,0,,
Mancuso,1308060754,1,1,0,1,5,3,0,23,0,19,Production Technician I,MA,2451,11/07/1974,F,Married,US Citizen,No,White,11/11/2013,,N/A - still employed,Active,Production       ,Brannon Miller,12,On-campus Recruiting,Fully Meets,1.04,3,0,1/22/2019,0
Mangal,1303054625,0,0,0,1,4,3,0,55.51,0,24,Software Engineer,MA,2135,11/07/1987,F,Single,US Citizen,No,Asian,11/11/2013,,N/A - still employed,Active,Software Engineering,Alex Sweetwater,10,Search Engine - Google Bing Yahoo,Fully Meets,1.53,5,4,1/14/2019,0
Martin,1209048771,0,0,1,1,6,3,0,56,0,3,Area Sales Manager,TX,78207,6/11/1970,M ,Single,Eligible NonCitizen,No,Black or African American,5/14/2012,,N/A - still employed,Active,Sales,Lynn Daneault,21,Employee Referral,Fully Meets,2.94,5,0,1/19/2019,0
Martins,1401064327,1,1,0,1,5,3,0,20,0,19,Production Technician I,MA,2330,11/22/77,F,Married,US Citizen,No,White,5/31/2011,,N/A - still employed,Active,Production       ,David Stanley,14,Other,Fully Meets,5,4,0,1/10/2019,0
Maurice,1406067957,0,0,0,1,5,3,0,26,0,20,Production Technician II,MA,2149,05/21/87,F,Single,US Citizen,No,White,3/30/2015,,N/A - still employed,Active,Production       ,Ketsia Liebig,19,Newspager/Magazine,Fully Meets,5,5,0,2/07/2019,0
McCarthy,909015167,1,1,0,1,5,3,0,24,0,19,Production Technician I,MA,2184,1/07/1987,F,Married,US Citizen,No,Black or African American,1/07/2013,,N/A - still employed,Active,Production       ,Kissy Sullivan,20,Monster.com,Fully Meets,3.93,3,0,1/30/2019,0
Mckenna,1209049326,1,1,1,2,6,3,0,55,0,3,Area Sales Manager,TX,78789,7/01/1984,M ,Married,US Citizen,No,Two or more races,7/06/2016,,N/A - Has not started yet,Future Start,Sales,Lynn Daneault,21,Website Banner Ads,Fully Meets,2.91,4,0,1/29/2019,0
McKinzie,1409070245,0,0,0,5,5,3,1,14,1,19,Production Technician I,MA,1760,05/30/68,F,Single,US Citizen,No,Black or African American,4/02/2012,11/11/2015,Another position,Voluntarily Terminated,Production       ,Kelley Spirea,18,Diversity Job Fair,Fully Meets,4.18,4,0,,
Meads,1109029256,0,0,0,1,5,3,0,20,0,19,Production Technician I,MA,2346,09/22/76,F,Single,US Citizen,No,White,3/30/2015,,N/A - still employed,Active,Production       ,Michael Albert,22,Monster.com,Fully Meets,5,4,0,1/21/2019,0
Medeiros,1012023013,0,0,1,1,3,1,0,43,0,15,Network Engineer,MA,2138,06/18/87,M ,Single,US Citizen,No,White,3/30/2015,,N/A - still employed,Active,IT/IS,Peter Monroe,7,Vendor Referral,PIP,1.2,3,6,2/04/2019,0
Merlos,1107027351,0,0,1,1,5,3,0,53,0,18,Production Manager,MA,2045,8/10/1981,M ,Single,US Citizen,yes,Hispanic,8/16/2012,,N/A - still employed,Active,Production       ,Janet King,2,Internet Search,Fully Meets,4.37,3,0,1/14/2019,0
Miller,1205033439,0,0,1,5,5,1,0,25,1,20,Production Technician II,MA,2472,06/29/85,M ,Single,US Citizen,No,White,8/15/2011,9/04/2014,unhappy,Voluntarily Terminated,Production       ,Brannon Miller,12,MBTA ads,PIP,5,2,0,,
Miller,1404066711,1,1,1,1,5,3,0,27,0,20,Production Technician II,MA,1450,08/17/92,M ,Married,US Citizen,No,White,11/07/2011,,N/A - still employed,Active,Production       ,David Stanley,14,Professional Society,Fully Meets,2.67,3,0,1/08/2019,0
Monkfish,1011022863,1,1,1,1,3,2,1,63,0,13,IT Manager - Infra,MA,2134,10/05/1986,M ,Married,Eligible NonCitizen,Yes,Hispanic,2/15/2012,,N/A - still employed,Active,IT/IS,Jennifer Zamora,5,Diversity Job Fair,Needs Improvement,2.39,3,6,2/22/2019,0
Monroe,1001103149,0,0,0,1,5,4,0,25,0,20,Production Technician II,MA,2126,04/24/70,F,Single,US Citizen,No,Black or African American,5/13/2013,,N/A - still employed,Active,Production       ,Kissy Sullivan,20,Billboard,Exceeds,2.55,3,0,1/14/2019,0
Monterro,1408069503,0,0,1,3,5,3,1,26,0,20,Production Technician II,MA,2127,12/03/1976,M ,Single,US Citizen,No,Hispanic,1/09/2012,,N/A - still employed,Leave of Absence,Production       ,Kelley Spirea,18,Diversity Job Fair,Fully Meets,2.5,4,0,1/31/2019,0
Moran,1001956578,1,1,0,1,3,3,0,27,0,15,Network Engineer,MA,2048,4/04/1979,F,Married,US Citizen,No,White,2/16/2015,,N/A - still employed,Active,IT/IS,Peter Monroe,7,Monster.com,Fully Meets,3.81,3,6,2/11/2019,0
Morway,1102024121,0,2,0,1,5,3,0,15,0,19,Production Technician I,MA,2453,7/07/1984,F,Divorced,US Citizen,No,White,4/01/2013,,N/A - still employed,Active,Production       ,Elijiah Gray,16,MBTA ads,Fully Meets,1.76,4,0,1/17/2019,0
Motlagh,1301052436,0,3,1,1,5,3,0,29,0,20,Production Technician II,MA,1460,12/01/1974,M ,Separated,US Citizen,No,Black or African American,5/13/2013,,N/A - still employed,Active,Production       ,Michael Albert,22,On-campus Recruiting,Fully Meets,4.29,5,0,1/28/2019,0
Moumanil,1306057978,0,0,1,1,6,1,0,55,0,3,Area Sales Manager,AL,36006,11/02/1975,M ,Single,US Citizen,No,Two or more races,9/29/2014,,N/A - still employed,Active,Sales,John Smith,17,Internet Search,PIP,1.93,3,0,1/30/2019,0
Mullaney,1406068403,0,2,1,1,3,4,1,35.5,0,9,Data Analyst,TX,78230,7/04/1988,M ,Divorced,US Citizen,No,Black or African American,11/10/2014,,N/A - still employed,Active,IT/IS,Simon Roup,4,Diversity Job Fair,Exceeds,4.28,4,5,2/25/2019,0
Murray,1009919960,0,0,1,1,3,3,0,52.25,0,22,Senior BI Developer,MA,2056,04/25/70,M ,Single,US Citizen,No,Asian,2/10/2017,,N/A - still employed,Active,IT/IS,Brian Champaigne,13,Indeed,Fully Meets,5,3,6,2/25/2019,0
Navathe,1204033041,0,0,1,5,5,3,1,18,1,19,Production Technician I,MA,2110,5/02/1989,M ,Single,US Citizen,No,Black or African American,9/26/2011,4/04/2014,return to school,Voluntarily Terminated,Production       ,Webster Butler,39,Diversity Job Fair,Fully Meets,2.61,3,0,,
Ndzi,1204033044,1,1,1,5,5,3,0,22,1,19,Production Technician I,MA,2421,03/28/83,M ,Married,US Citizen,No,White,4/01/2013,05/25/16,more money,Voluntarily Terminated,Production       ,Amy Dunn,11,Employee Referral,Fully Meets,3.18,3,0,,
Ndzi,1302053044,1,1,1,3,5,3,0,21,0,19,Production Technician I,MA,2136,4/08/1977,M ,Married,US Citizen,No,White,5/12/2014,,N/A - still employed,Leave of Absence,Production       ,Ketsia Liebig,19,On-campus Recruiting,Fully Meets,5,5,0,2/18/2019,0
Newman,1403066020,0,3,0,1,5,4,1,15,0,19,Production Technician I,MA,1810,6/03/1967,F,Separated,US Citizen,No,Asian,4/01/2013,,N/A - still employed,Active,Production       ,Brannon Miller,12,Diversity Job Fair,Exceeds,1.12,3,0,2/13/2019,0
Ngodup,1111030684,0,0,0,1,6,3,0,55,0,3,Area Sales Manager,GA,30428,03/31/89,F,Single,US Citizen,No,Two or more races,7/08/2013,,N/A - still employed,Active,Sales,Lynn Daneault,21,Pay Per Click - Google,Fully Meets,5,5,0,1/25/2019,0
Nguyen,1203032357,0,0,0,1,5,3,0,19,0,19,Production Technician I,MA,2132,7/07/1984,F,Single,US Citizen,No,White,7/08/2013,,N/A - still employed,Active,Production       ,David Stanley,14,Vendor Referral,Fully Meets,2.79,5,0,1/02/2019,0
Nguyen,1104025435,0,0,0,1,5,3,0,26.39,0,20,Production Technician II,MA,1040,11/23/85,F,Single,US Citizen,No,White,11/10/2014,,N/A - still employed,Active,Production       ,Elijiah Gray,16,Glassdoor,Fully Meets,4.53,5,0,1/16/2019,0
Nowlan,1206044851,0,0,0,4,5,1,0,18.5,1,19,Production Technician I,MA,2152,09/30/80,F,Single,US Citizen,No,Two or more races,3/31/2014,5/01/2016,performance,Terminated for Cause,Production       ,Kissy Sullivan,20,Professional Society,PIP,3.09,2,0,,
O'hare,1001856521,1,1,0,5,5,3,0,25,1,20,Production Technician II,MA,2492,2/11/1952,F,Married,US Citizen,No,Asian,5/14/2012,08/19/13,unhappy,Voluntarily Terminated,Production       ,Webster Butler,39,Newspager/Magazine,Fully Meets,5,3,0,,
Oliver,1501072180,0,0,0,1,6,3,0,57,0,3,Area Sales Manager,FL,33174,5/11/1990,F,Single,US Citizen,Yes,White,9/30/2013,,N/A - still employed,Active,Sales,Lynn Daneault,21,Pay Per Click - Google,Fully Meets,4.28,3,0,1/25/2019,0
Onque,1404066949,1,1,1,1,5,4,0,16,0,19,Production Technician I,MA,2478,12/11/1976,M ,Married,US Citizen,No,White,9/30/2013,,N/A - still employed,Active,Production       ,Kelley Spirea,18,On-campus Recruiting,Exceeds,2.86,3,0,2/07/2019,0
Osturnka,1103024335,0,0,1,1,5,2,0,22,0,19,Production Technician I,MA,1760,11/24/79,M ,Single,US Citizen,No,Black or African American,2/17/2014,,N/A - still employed,Active,Production       ,Michael Albert,22,MBTA ads,Needs Improvement,4.25,3,0,2/04/2019,0
Owad,812011761,0,0,1,1,6,3,0,55,0,3,Area Sales Manager,NC,27229,05/19/82,M ,Single,US Citizen,No,White,1/05/2015,,N/A - still employed,Active,Sales,John Smith,17,Website Banner Ads,Fully Meets,5,5,0,1/14/2019,0
Ozark,1109029531,1,1,0,5,5,3,0,18,1,19,Production Technician I,MA,2351,5/01/1979,F,Married,US Citizen,No,White,2/07/2011,1/12/2014,Another position,Voluntarily Terminated,Production       ,Elijiah Gray,16,Social Networks - Facebook Twitter etc,Fully Meets,3.89,4,0,,
Panjwani,1112030979,0,0,1,5,4,4,1,52.25,1,24,Software Engineer,MA,1844,02/20/79,M ,Single,US Citizen,No,Asian,11/07/2011,9/07/2015,Another position,Voluntarily Terminated,Software Engineering,Alex Sweetwater,10,Diversity Job Fair,Exceeds,1.1,5,3,,
Patronick,1102023965,1,1,1,5,3,3,0,41,1,9,Data Analyst,MA,2747,9/05/1984,M ,Married,US Citizen,No,White,12/01/2014,5/01/2016,performance,Voluntarily Terminated,IT/IS,Simon Roup,4,Employee Referral,Fully Meets,1.62,4,5,,
Pearson,1307060058,0,0,1,5,5,2,0,24,1,19,Production Technician I,MA,2458,03/17/88,M ,Single,US Citizen,No,Black or African American,1/10/2011,12/28/12,career change,Voluntarily Terminated,Production       ,Webster Butler,39,Search Engine - Google Bing Yahoo,Needs Improvement,3.54,5,0,,
Pelech,1202031821,1,1,0,5,5,2,0,28,1,20,Production Technician II,MA,2472,07/18/89,F,Married,US Citizen,No,Asian,7/05/2011,09/15/11,unhappy,Voluntarily Terminated,Production       ,Amy Dunn,11,Monster.com,Needs Improvement,1.03,5,0,,
Pelletier,1109029186,0,0,0,5,5,3,0,22,1,19,Production Technician I,MA,2176,07/20/86,F,Single,US Citizen,No,White,5/16/2011,10/25/15,medical issues,Voluntarily Terminated,Production       ,Amy Dunn,11,MBTA ads,Fully Meets,3.45,4,0,,
Perry,1411071406,1,1,0,5,5,4,0,29,1,20,Production Technician II,MA,1886,08/17/86,F,Married,US Citizen,No,White,5/16/2011,2/04/2012,more money,Voluntarily Terminated,Production       ,Ketsia Liebig,19,Pay Per Click - Google,Exceeds,1.79,5,0,,
Peters,1402065355,1,1,0,5,5,3,0,38.5,1,18,Production Manager,MA,2030,5/09/1977,F,Married,US Citizen,No,White,10/25/2010,05/18/16,Another position,Voluntarily Terminated,Production       ,Janet King,2,Internet Search,Fully Meets,4.16,5,0,,
Peterson,1307059944,1,1,0,1,5,3,0,17,0,19,Production Technician I,MA,1749,09/23/73,F,Married,US Citizen,No,White,4/26/2010,,N/A - still employed,Active,Production       ,Ketsia Liebig,19,Search Engine - Google Bing Yahoo,Fully Meets,2.72,3,0,1/21/2019,0
Peterson,1103024843,1,1,0,1,5,3,0,26,0,20,Production Technician II,MA,2050,3/10/1979,F,Married,Eligible NonCitizen,No,Asian,4/02/2012,,N/A - still employed,Active,Production       ,Brannon Miller,12,MBTA ads,Fully Meets,2.61,3,0,1/14/2019,0
Petingill,1108027853,1,1,0,1,3,4,0,42.75,0,9,Data Analyst,MA,1886,09/16/84,F,Married,US Citizen,No,Asian,11/10/2014,,N/A - still employed,Active,IT/IS,Simon Roup,4,Employee Referral,Exceeds,3.71,5,7,1/04/2019,0
Petrowsky,1305057440,1,1,1,5,5,3,0,18,1,19,Production Technician I,MA,2451,3/06/1988,M ,Married,US Citizen,No,White,7/05/2011,11/30/12,more money,Voluntarily Terminated,Production       ,Brannon Miller,12,Search Engine - Google Bing Yahoo,Fully Meets,5,3,0,,
Pham,1001735072,0,0,1,1,5,3,0,17,0,19,Production Technician I,MA,2451,11/23/81,M ,Single,US Citizen,No,Black or African American,11/05/2007,,N/A - still employed,Active,Production       ,David Stanley,14,Search Engine - Google Bing Yahoo,Fully Meets,3.66,3,0,2/25/2019,0
Pitt,1102024106,1,1,0,1,6,3,0,55,0,3,Area Sales Manager,KY,40220,08/29/88,F,Married,US Citizen,No,Black or African American,1/09/2012,,N/A - still employed,Active,Sales,Lynn Daneault,21,Website Banner Ads,Fully Meets,4.2,5,0,2/01/2019,0
Potts,1102024274,0,2,0,5,5,3,0,19,1,19,Production Technician I,MA,1742,10/15/84,F,Divorced,Eligible NonCitizen,No,Asian,5/16/2011,6/04/2011,Another position,Voluntarily Terminated,Production       ,Kissy Sullivan,20,Social Networks - Facebook Twitter etc,Fully Meets,3.17,4,0,,
Power,1401064562,0,0,1,1,5,3,0,16,0,19,Production Technician I,MA,2109,06/19/61,M ,Single,US Citizen,No,White,1/06/2014,,N/A - still employed,Active,Production       ,Kelley Spirea,18,Employee Referral,Fully Meets,2.45,3,0,1/07/2019,0
Punjabhi,1011022926,0,2,0,5,5,3,0,16,1,19,Production Technician I,MA,2474,09/22/70,F,Divorced,US Citizen,No,White,9/24/2012,06/18/13,unhappy,Voluntarily Terminated,Production       ,Kissy Sullivan,20,Billboard,Fully Meets,1.5,5,0,,
Purinton,1206043417,1,1,1,5,1,3,1,55,1,23,Shared Services Manager,MA,2045,11/06/1984,M ,Married,Eligible NonCitizen,No,Black or African American,2/21/2011,08/15/15,career change,Voluntarily Terminated,Admin Offices,Janet King,2,Diversity Job Fair,Fully Meets,4.15,4,0,,
Quinn,1009919940,1,1,0,1,3,3,0,45,0,4,BI Developer,MA,2110,5/12/1980,F,Married,US Citizen,No,Black or African American,10/02/2016,,N/A - still employed,Active,IT/IS,Brian Champaigne,13,Indeed,Fully Meets,2.02,4,6,2/06/2019,0
Rachael,1208048229,0,2,1,5,5,3,0,21,1,19,Production Technician I,MA,2478,12/31/84,M ,Divorced,US Citizen,No,White,9/26/2011,4/07/2012,more money,Voluntarily Terminated,Production       ,Michael Albert,22,Pay Per Click - Google,Fully Meets,3.8,5,0,,
Rarrick,1211050793,0,2,1,5,5,3,0,20,1,19,Production Technician I,MA,2176,07/22/82,M ,Divorced,US Citizen,Yes,White,5/16/2011,01/15/16,retiring,Voluntarily Terminated,Production       ,Elijiah Gray,16,Professional Society,Fully Meets,5,4,0,,
Rhoads,1502072711,0,3,1,1,6,4,0,55,0,3,Area Sales Manager,ND,58782,01/15/68,M ,Separated,US Citizen,No,White,1/09/2006,,N/A - still employed,Active,Sales,Lynn Daneault,21,Billboard,Exceeds,4.1,3,0,1/04/2019,0
Riordan,1405067642,1,1,0,1,5,4,0,22,0,19,Production Technician I,MA,2171,1/12/1973,F,Married,US Citizen,No,Asian,11/28/2011,,N/A - still employed,Active,Production       ,Webster Butler,,Search Engine - Google Bing Yahoo,Exceeds,4.36,5,0,2/11/2019,0
Rivera,1402065340,0,2,0,5,5,3,0,26,1,20,Production Technician II,MA,1902,9/05/1981,F,Divorced,Eligible NonCitizen,No,White,9/26/2011,10/22/11,return to school,Voluntarily Terminated,Production       ,David Stanley,14,Search Engine - Google Bing Yahoo,Fully Meets,2.19,4,0,,
Roberson,1499902991,1,1,1,5,5,3,0,22,1,20,Production Technician II,MA,2138,7/03/1972,M ,Married,US Citizen,No,White,7/05/2011,2/08/2012,Another position,Voluntarily Terminated,Production       ,Kissy Sullivan,20,Glassdoor,Fully Meets,2.48,5,0,,
Robertson,1206038000,1,1,1,5,5,3,0,24,1,19,Production Technician I,MA,1420,1/07/1974,M ,Married,US Citizen,No,Black or African American,1/10/2011,01/26/16,attendance,Voluntarily Terminated,Production       ,Amy Dunn,11,Glassdoor,Fully Meets,5,3,0,,
Robinson,1403065625,1,1,0,4,5,2,0,16,1,19,Production Technician I,MA,1460,1/07/1985,F,Married,US Citizen,No,White,1/10/2011,05/17/16,attendance,Terminated for Cause,Production       ,Ketsia Liebig,19,Glassdoor,Needs Improvement,3.6,3,0,,
Robinson,1011022887,0,4,1,1,5,4,0,17,0,19,Production Technician I,MA,1730,01/28/85,M ,Widowed,US Citizen,No,White,7/08/2013,,N/A - still employed,Active,Production       ,Brannon Miller,12,Employee Referral,Exceeds,3.02,5,0,2/11/2019,0
Robinson,1407068885,1,1,0,1,3,3,0,39.55,0,9,Data Analyst,MA,1886,10/11/1981,F,Married,US Citizen,No,White,2/16/2015,,N/A - still employed,Active,IT/IS,Simon Roup,4,Employee Referral,Fully Meets,3.69,5,6,2/14/2019,0
Roby,1111030266,0,0,0,5,3,3,0,58.5,1,29,Principal Data Architect,MA,2703,05/27/73,F,Single,US Citizen,Yes,White,1/05/2015,11/10/2015,Another position,Voluntarily Terminated,IT/IS,Simon Roup,4,Vendor Referral,Fully Meets,3.88,3,7,,
Roehrich,1203032255,1,1,1,1,3,3,0,42.2,0,9,Data Analyst,MA,1810,08/26/86,M ,Married,US Citizen,No,White,3/30/2015,,N/A - still employed,Active,IT/IS,Simon Roup,4,Pay Per Click - Google,Fully Meets,3.04,3,6,1/22/2019,0
Rogers,1009919950,0,0,0,1,3,3,0,55,0,7,Data Architect,MA,2056,11/21/72,F,Single,US Citizen,No,Black or African American,1/07/2017,,N/A - still employed,Active,IT/IS,Brian Champaigne,13,Indeed,Fully Meets,4.94,3,5,2/06/2019,0
Roper,710007555,0,3,0,1,5,3,0,17,0,19,Production Technician I,MA,1886,12/05/1974,F,Separated,US Citizen,No,White,1/06/2014,,N/A - still employed,Active,Production       ,David Stanley,14,Website Banner Ads,Fully Meets,5,4,0,1/31/2019,0
Rose,1405067492,0,0,1,5,5,3,0,18,1,19,Production Technician I,MA,2155,03/18/87,M ,Single,US Citizen,No,White,4/04/2011,08/13/12,Another position,Voluntarily Terminated,Production       ,Kissy Sullivan,20,Search Engine - Google Bing Yahoo,Fully Meets,5,5,0,,
Rossetti,1106026933,0,0,1,1,3,3,0,62,0,13,IT Manager - DB,MA,2481,4/05/1973,M ,Single,US Citizen,No,White,1/20/2013,,N/A - still employed,Active,IT/IS,Jennifer Zamora,5,Professional Society,Fully Meets,2.96,5,7,2/18/2019,0
Roup,1001175250,0,2,1,5,3,3,1,21,1,13,IT Manager - DB,MA,1915,1/04/1964,M ,Divorced,US Citizen,No,Two or more races,1/09/2012,11/04/2015,hours,Voluntarily Terminated,IT/IS,Jennifer Zamora,5,Diversity Job Fair,Fully Meets,2.51,4,6,,
Ruiz,1012023185,1,1,0,1,4,3,0,49.25,0,24,Software Engineer,MA,2132,07/24/86,F,Married,US Citizen,No,White,11/05/2012,,N/A - still employed,Active,Software Engineering,Alex Sweetwater,10,Pay Per Click - Google,Fully Meets,1.74,3,6,2/13/2019,0
Saada,1410070998,0,0,0,2,5,2,1,20,0,19,Production Technician I,MA,1801,6/06/1968,F,Single,US Citizen,No,Black or African American,7/04/2016,,N/A - Has not started yet,Future Start,Production       ,Kelley Spirea,18,Diversity Job Fair,Needs Improvement,1.12,4,0,2/18/2019,0
Saar-Beckles,1308060535,0,0,1,5,5,3,0,21,1,19,Production Technician I,MA,2148,12/21/74,M ,Single,US Citizen,No,White,1/05/2009,07/30/10,relocation out of area,Voluntarily Terminated,Production       ,Michael Albert,22,Word of Mouth,Fully Meets,1.53,5,0,,
Sadki,1106026462,1,1,1,1,5,3,0,29,0,20,Production Technician II,MA,2062,04/26/86,M ,Married,US Citizen,No,White,8/30/2010,,N/A - still employed,Active,Production       ,Kelley Spirea,18,Monster.com,Fully Meets,2.08,3,0,1/10/2019,0
Sahoo,1111030148,0,2,1,5,3,3,0,45,1,9,Data Analyst ,MA,2452,12/17/87,M ,Divorced,US Citizen,No,Black or African American,1/05/2015,10/31/15,hours,Voluntarily Terminated,IT/IS,Simon Roup,4,Vendor Referral,Fully Meets,2.19,3,5,,
Salter,1302053362,1,1,0,1,5,3,0,21,0,19,Production Technician I,MA,2154,7/10/1988,F,Married,US Citizen,No,Black or African American,9/29/2014,,N/A - still employed,Active,Production       ,Elijiah Gray,16,On-campus Recruiting,Fully Meets,3.51,3,0,2/18/2019,0
Sander,904013591,1,1,1,2,3,3,0,53.8,0,28,Sr. Network Engineer,MA,1545,2/09/1983,M ,Married,US Citizen,No,Asian,6/30/2016,,N/A - Has not started yet,Future Start,IT/IS,Peter Monroe,7,On-campus Recruiting,Fully Meets,3.27,4,5,1/14/2019,0
Semizoglou,807010161,0,0,0,3,5,3,0,15.2,0,19,Production Technician I,MA,2191,3/10/1975,F,Single,US Citizen,No,Asian,9/30/2013,,N/A - still employed,Leave of Absence,Production       ,Webster Butler,,Search Engine - Google Bing Yahoo,Fully Meets,5,5,0,2/21/2019,0
Sewkumar,906014183,1,1,0,1,3,3,0,47,0,15,Network Engineer,MA,1773,04/14/81,F,Married,US Citizen,No,White,9/30/2014,,N/A - still employed,Active,IT/IS,Peter Monroe,7,Vendor Referral,Fully Meets,3.31,3,6,1/07/2019,0
Shepard,1205033102,1,1,0,1,5,3,0,15,0,19,Production Technician I,MA,2149,08/24/85,F,Married,US Citizen,No,White,8/19/2013,,N/A - still employed,Active,Production       ,Amy Dunn,11,Newspager/Magazine,Fully Meets,4.81,4,0,2/15/2019,0
Shields,808010278,1,1,1,1,3,3,0,30.2,0,9,Data Analyst,MA,2110,2/08/1970,M ,Married,US Citizen,Yes,White,1/05/2015,,N/A - still employed,Active,IT/IS,Simon Roup,4,Employee Referral,Fully Meets,3.32,3,7,1/14/2019,0
Simard,1307059817,0,0,0,1,1,3,0,16.56,0,2,Administrative Assistant,MA,2330,05/19/88,F,Single,US Citizen,No,White,5/01/2015,,N/A - still employed,Active,Admin Offices,Brandon R. LeBlanc,1,Website Banner Ads,Fully Meets,5,3,5,1/15/2019,0
Singh,1012023103,0,0,0,5,5,3,0,23,1,20,Production Technician II,MA,1851,11/25/87,F,Single,US Citizen,No,White,10/26/2009,4/08/2015,maternity leave - did not return,Voluntarily Terminated,Production       ,Michael Albert,22,Monster.com,Fully Meets,4.68,4,0,,
Sloan,1009919980,0,0,1,1,3,3,0,46,0,4,BI Developer,MA,2045,9/04/1983,M ,Single,US Citizen,No,White,2/15/2017,,N/A - still employed,Active,IT/IS,Brian Champaigne,13,Indeed,Fully Meets,3.01,5,7,1/23/2019,0
Smith,1001970770,0,0,1,1,5,4,0,22,0,20,Production Technician II,MA,2045,10/30/63,M ,Single,US Citizen,No,White,9/29/2014,,N/A - still employed,Active,Production       ,Elijiah Gray,16,Pay Per Click - Google,Exceeds,2.41,3,0,1/28/2019,0
Smith,1499902910,0,2,1,1,6,2,1,56,0,21,Sales Manager,MA,1886,08/16/84,M ,Divorced,US Citizen,No,Black or African American,5/18/2014,,N/A - still employed,Active,Sales,Debra Houlihan,15,Diversity Job Fair,Needs Improvement,1.62,4,0,1/16/2019,0
Smith,711007713,1,1,0,5,1,3,1,20.5,1,2,Administrative Assistant,MA,1844,06/14/87,F,Married,US Citizen,No,Asian,9/26/2011,09/25/13,career change,Voluntarily Terminated,Admin Offices,Brandon R. LeBlanc,1,Diversity Job Fair,Fully Meets,3.8,4,4,,
Smith,1501071909,0,0,0,1,5,3,0,24.5,0,19,Production Technician I,MA,2130,2/02/1965,F,Single,US Citizen,No,White,11/11/2013,,N/A - still employed,Active,Production       ,Ketsia Liebig,19,Employee Referral,Fully Meets,3.73,3,0,1/24/2019,0
Smith,1203032263,1,1,0,1,3,3,0,27.49,0,14,IT Support,MA,2360,3/12/1973,F,Married,US Citizen,No,Black or African American,6/10/2011,,N/A - still employed,Active,IT/IS,Eric Dougall,6,Information Session,Fully Meets,4.3,3,5,2/08/2019,0
Soto,1308060959,0,0,1,1,3,3,0,53,0,28,Sr. Network Engineer,CT,6278,9/09/1965,M ,Single,US Citizen,No,White,11/10/2014,,N/A - still employed,Active,IT/IS,Peter Monroe,7,Employee Referral,Fully Meets,5,3,4,1/02/2019,0
South,1410071137,1,1,0,1,5,1,0,16,0,19,Production Technician I,MA,2093,07/20/68,F,Married,US Citizen,No,White,2/20/2012,,N/A - still employed,Active,Production       ,Brannon Miller,12,Billboard,PIP,4.11,2,0,2/25/2019,0
Sparks,1102024149,1,1,0,1,5,3,0,52,0,18,Production Manager,MA,2451,09/30/75,F,Married,US Citizen,No,White,10/02/2012,,N/A - still employed,Active,Production       ,Janet King,2,Vendor Referral,Fully Meets,4.83,5,0,2/14/2019,0
Spirea,1405067138,0,2,0,5,5,4,0,21,1,19,Production Technician I,MA,2359,03/26/73,F,Divorced,US Citizen,No,White,5/13/2013,06/29/15,unhappy,Voluntarily Terminated,Production       ,David Stanley,14,MBTA ads,Exceeds,1.97,4,0,,
Squatrito,1111030244,0,2,0,1,5,3,0,14,0,19,Production Technician I,MA,2050,08/25/82,F,Divorced,US Citizen,No,Two or more races,1/10/2011,,N/A - still employed,Active,Production       ,Kissy Sullivan,20,Word of Mouth,Fully Meets,1.05,4,0,2/07/2019,0
Stanford,1000974650,0,2,1,1,5,2,0,53,0,18,Production Manager,MA,1803,12/17/75,M ,Divorced,US Citizen,No,White,7/20/2010,,N/A - still employed,Active,Production       ,Janet King,2,Monster.com,Needs Improvement,4.13,2,0,1/14/2019,0
Stanley,1302053333,0,0,1,1,1,3,0,29,0,1,Accountant I,MA,2703,9/01/1986,M ,Single,US Citizen,No,White,9/29/2014,,N/A - still employed,Active,Admin Offices,Brandon R. LeBlanc,1,Internet Search,Fully Meets,3.9,5,5,1/18/2019,0
Steans,1106026896,1,1,1,1,5,3,0,22,0,19,Production Technician I,MA,2301,03/14/85,M ,Married,US Citizen,No,Asian,2/17/2014,,N/A - still employed,Active,Production       ,Kelley Spirea,18,On-campus Recruiting,Fully Meets,1.39,3,0,1/11/2019,0
Stoica,1411071295,1,1,0,1,6,3,0,54,0,3,Area Sales Manager,MT,59102,5/12/1989,F,Married,US Citizen,No,Black or African American,9/27/2010,,N/A - still employed,Active,Sales,John Smith,17,Professional Society,Fully Meets,2,4,0,1/31/2019,0
Strong,1405067298,1,1,0,1,5,3,0,55,0,18,Production Manager,MA,1776,03/28/78,F,Married,US Citizen,No,Black or African American,1/08/2009,,N/A - still employed,Active,Production       ,Janet King,2,Billboard,Fully Meets,3.73,4,0,1/24/2019,0
Sullivan,1201031310,1,1,1,1,5,3,0,19,0,19,Production Technician I,MA,2747,10/07/1982,M ,Married,US Citizen,Yes,White,1/05/2015,,N/A - still employed,Active,Production       ,Michael Albert,22,Word of Mouth,Fully Meets,4.36,5,0,1/24/2019,0
Sullivan,1407069061,0,0,0,1,5,3,0,14,0,19,Production Technician I,MA,2718,08/15/68,F,Single,Eligible NonCitizen,No,Asian,5/14/2012,,N/A - still employed,Active,Production       ,Elijiah Gray,16,Glassdoor,Fully Meets,2.77,5,0,1/31/2019,0
Sutwell,1001644719,0,0,1,1,4,3,0,27,0,25,Software Engineering Manager,MA,2184,11/22/66,M ,Single,US Citizen,No,White,8/15/2011,,N/A - still employed,Active,Software Engineering,Jennifer Zamora,5,Search Engine - Google Bing Yahoo,Fully Meets,3.84,3,5,1/21/2019,0
Sweetwater,1201031324,0,0,1,1,4,4,0,48,0,24,Software Engineer,MA,2140,5/06/1983,M ,Single,US Citizen,No,White,7/07/2014,,N/A - still employed,Active,Software Engineering,Alex Sweetwater,10,MBTA ads,Exceeds,2.61,5,5,2/18/2019,0
Szabo,1405067501,1,1,0,5,5,3,1,15,1,19,Production Technician I,MA,1801,4/03/1975,F,Married,Non-Citizen,No,Two or more races,4/27/2009,4/01/2013,Another position,Voluntarily Terminated,Production       ,Webster Butler,39,Diversity Job Fair,Fully Meets,2.52,5,0,,
Tavares,1406068345,1,1,0,5,5,3,0,28.75,1,20,Production Technician II,MA,2129,05/24/53,F,Married,US Citizen,No,White,5/16/2011,7/08/2012,Another position,Voluntarily Terminated,Production       ,Elijiah Gray,16,Search Engine - Google Bing Yahoo,Fully Meets,3.93,3,0,,
Tejeda,1401064637,0,0,0,1,6,3,0,55,0,3,Area Sales Manager,OR,97756,5/07/1965,F,Single,US Citizen,No,Black or African American,9/29/2014,,N/A - still employed,Active,Sales,Lynn Daneault,21,Monster.com,Fully Meets,3.69,3,0,1/28/2019,0
Tejeda,1404066739,0,0,0,5,5,3,0,20,1,19,Production Technician I,MA,2066,5/09/1965,F,Single,US Citizen,No,White,7/05/2011,9/05/2011,return to school,Voluntarily Terminated,Production       ,Amy Dunn,11,Billboard,Fully Meets,3.98,4,0,,
Tejeda,1011022777,0,4,1,5,5,3,0,23,1,20,Production Technician II,MA,2472,09/16/75,M ,Widowed,US Citizen,No,White,6/25/2007,08/30/10,military,Voluntarily Terminated,Production       ,Webster Butler,39,Pay Per Click - Google,Fully Meets,1.37,4,0,,
Tejeda,1103024504,0,2,0,5,5,3,0,20,1,19,Production Technician I,MA,1876,07/30/83,F,Divorced,US Citizen,No,White,1/10/2011,05/14/11,Another position,Voluntarily Terminated,Production       ,Ketsia Liebig,19,Social Networks - Facebook Twitter etc,Fully Meets,2.81,5,0,,
Tejeda,1409070255,0,2,0,1,5,3,0,24,0,19,Production Technician I,MA,2093,6/05/1967,F,Divorced,US Citizen,No,Black or African American,2/18/2013,,N/A - still employed,Active,Production       ,Brannon Miller,12,Billboard,Fully Meets,4.21,5,0,1/14/2019,0
Tejeda,1012023152,0,0,0,1,5,2,0,22,0,19,Production Technician I,MA,2021,05/16/83,F,Single,US Citizen,No,White,2/17/2014,,N/A - still employed,Active,Production       ,David Stanley,14,Professional Society,Needs Improvement,2.44,5,0,2/11/2019,0
Tejeda,1104025466,1,1,1,5,3,3,0,28,1,15,Network Engineer,MA,1420,5/05/1988,M ,Married,US Citizen,No,White,1/05/2015,5/12/2015,medical issues,Voluntarily Terminated,IT/IS,Peter Monroe,7,Monster.com,Fully Meets,5,3,5,,
Tejeda,1102024057,0,0,1,5,4,3,1,45.42,1,24,Software Engineer,MA,2451,06/14/83,M ,Single,Non-Citizen,No,Black or African American,2/18/2013,04/15/14,medical issues,Voluntarily Terminated,Software Engineering,Alex Sweetwater,10,Diversity Job Fair,Fully Meets,1.11,3,4,,
Tejeda,1411071506,1,1,1,1,3,3,0,49.1,0,15,Network Engineer,MA,2343,03/31/69,M ,Married,Eligible NonCitizen,No,White,3/30/2015,,N/A - still employed,Active,IT/IS,Peter Monroe,7,Employee Referral,Fully Meets,5,4,7,1/14/2019,0
Tejeda,1312063714,1,1,0,1,6,3,0,55,0,3,Area Sales Manager,AZ,85006,05/23/91,F,Married,US Citizen,No,Two or more races,7/05/2011,,N/A - still employed,Active,Sales,John Smith,17,Other,Fully Meets,2.81,3,0,1/17/2019,0
Tejeda,1203032235,0,2,1,5,5,4,0,19,1,19,Production Technician I,MA,2171,01/31/87,M ,Divorced,US Citizen,No,White,8/13/2012,2/05/2016,maternity leave - did not return,Voluntarily Terminated,Production       ,Kissy Sullivan,20,Information Session,Exceeds,3.84,5,0,,
Veera,1111030503,0,0,1,1,6,3,0,56,0,3,Area Sales Manager,ME,4063,7/11/1989,M ,Single,US Citizen,No,Asian,3/05/2012,,N/A - still employed,Active,Sales,John Smith,17,Website Banner Ads,Fully Meets,1.77,4,0,1/18/2019,0
Veera,1011022814,1,1,0,4,5,4,0,21,1,19,Production Technician I,MA,2747,6/03/1986,F,Married,US Citizen,No,White,9/26/2011,2/08/2016,gross misconduct,Terminated for Cause,Production       ,Kelley Spirea,18,Social Networks - Facebook Twitter etc,Exceeds,2.79,5,0,,
Veera,1106026474,0,0,0,2,5,3,0,20,0,19,Production Technician I,MA,2124,4/06/1985,F,Single,US Citizen,No,White,7/05/2015,,N/A - Has not started yet,Future Start,Production       ,Michael Albert,22,Newspager/Magazine,Fully Meets,3.21,3,0,1/29/2019,0
Von Massenbach,1011022818,0,0,1,1,5,3,0,22,0,20,Production Technician II,MA,2459,2/10/1976,M ,Single,US Citizen,No,Black or African American,8/18/2014,,N/A - still employed,Active,Production       ,Ketsia Liebig,19,Employee Referral,Fully Meets,3.11,5,0,2/12/2019,0
Von Massenbach,1410071026,1,1,0,5,5,3,1,33.5,1,18,Production Manager,MA,2478,11/14/55,F,Married,US Citizen,No,Black or African American,9/26/2011,1/02/2012,Another position,Voluntarily Terminated,Production       ,Janet King,2,Diversity Job Fair,Fully Meets,1.18,3,0,,
Wallace,1101023619,0,0,0,5,5,2,0,15,1,19,Production Technician I,MA,1887,8/02/1980,F,Single,US Citizen,No,White,8/13/2012,9/01/2015,career change,Voluntarily Terminated,Production       ,Elijiah Gray,16,Monster.com,Needs Improvement,1.27,3,0,,
Wallace,1009919970,0,0,1,1,3,3,0,51,0,22,Senior BI Developer,MA,1887,7/08/1981,M ,Single,US Citizen,No,Asian,2/15/2017,,N/A - still employed,Active,IT/IS,Brian Champaigne,13,Indeed,Fully Meets,3.42,4,7,1/04/2019,0
Wang,1301052347,0,4,0,1,3,3,0,55.2,0,28,Sr. Network Engineer,MA,2453,5/02/1978,F,Widowed,US Citizen,No,Asian,3/30/2015,,N/A - still employed,Active,IT/IS,Peter Monroe,7,Employee Referral,Fully Meets,1.06,4,8,2/05/2019,0
Wang,1009919990,1,1,1,1,3,3,0,45,0,4,BI Developer,MA,2134,10/24/87,M ,Married,US Citizen,No,White,4/20/2017,,N/A - still employed,Active,IT/IS,Brian Champaigne,13,Indeed,Fully Meets,1.82,3,6,1/02/2019,0
Wang,1307060212,0,0,1,5,5,3,0,23,1,19,Production Technician I,MA,2030,05/24/87,M ,Single,US Citizen,Yes,White,1/10/2011,05/15/11,hours,Voluntarily Terminated,Production       ,Webster Butler,39,Newspager/Magazine,Fully Meets,5,5,0,,
Wang,1101023839,1,1,1,5,5,3,0,21,1,19,Production Technician I,MA,2324,9/09/1965,M ,Married,Eligible NonCitizen,No,White,5/16/2011,9/07/2015,unhappy,Voluntarily Terminated,Production       ,Amy Dunn,11,Website Banner Ads,Fully Meets,5,3,0,,
Wang,1308060671,0,0,0,5,5,3,1,16,1,19,Production Technician I,MA,2109,10/02/1969,F,Single,US Citizen,Yes,Two or more races,1/09/2012,06/27/15,relocation out of area,Voluntarily Terminated,Production       ,Ketsia Liebig,19,Diversity Job Fair,Fully Meets,1.44,4,0,,
Wang,1405067188,0,0,1,5,5,4,0,29,1,20,Production Technician II,MA,2045,11/07/1958,M ,Single,US Citizen,No,White,1/07/2013,02/21/16,retiring,Voluntarily Terminated,Production       ,Brannon Miller,12,Professional Society,Exceeds,1.67,3,0,,
Wang,1205033180,0,0,0,1,5,3,0,22,0,20,Production Technician II,MA,2302,04/20/85,F,Single,US Citizen,No,White,9/29/2014,,N/A - still employed,Active,Production       ,David Stanley,14,Newspager/Magazine,Fully Meets,3.4,4,0,2/21/2019,0
Wang,1012023010,0,0,1,1,5,3,0,24.25,0,20,Production Technician II,MA,1810,5/11/1985,M ,Single,US Citizen,No,White,7/07/2014,,N/A - still employed,Active,Production       ,Kissy Sullivan,20,Vendor Referral,Fully Meets,4.07,4,0,2/28/2019,0
Wang,1001268402,0,0,0,5,5,1,0,22,1,19,Production Technician I,MA,2458,5/04/1982,F,Single,US Citizen,No,Asian,9/02/2008,09/29/15,Another position,Voluntarily Terminated,Production       ,Brannon Miller,12,Search Engine - Google Bing Yahoo,PIP,4.29,2,0,,
Wang,1112030816,0,0,0,1,3,4,0,65,0,6,CIO,MA,2067,08/30/79,F,Single,US Citizen,No,White,4/10/2010,,N/A - still employed,Active,IT/IS,Janet King,2,Employee Referral,Exceeds,1.12,5,6,2/21/2019,0
Wang,1110029732,0,0,0,1,3,3,0,31.4,0,9,Data Analyst,MA,2148,02/24/79,F,Single,US Citizen,No,White,3/30/2015,,N/A - still employed,Active,IT/IS,Simon Roup,4,Employee Referral,Fully Meets,5,3,5,2/01/2019,0
Zhou,1211051232,0,4,0,1,5,3,0,15,0,19,Production Technician I,MA,1730,08/17/78,F,Widowed,US Citizen,No,Asian,9/29/2014,,N/A - still employed,Active,Production       ,David Stanley,14,On-campus Recruiting,Fully Meets,1.24,5,0,1/30/2019,0
Zima,,,,,,,,,,,,,,,,,,,,,,,,,,,,,,,,,,
